Workbook

Sheet source
A1: DISTANCE | B1: TEE | C1: FAIRWAY | D1: ROUGH | E1: SAND | F1: RECOVERY | I1: DISTANCE | J1: GREEN | P1: TEE | Q1: APPROACH | R1: SHORT | S1: PUTT
A2: 10 | C2: 2.2 | D2: 2.49 | E2: 2.41 | I2: 1 | J2: 1 | O2: scratch | P2: 1.78 | Q2: 2.03 | R2: 0.39 | S2: 0.94
A3: 15 | C3: 2.3 | D3: 2.54 | E3: 2.47 | I3: 3 | J3: 1.04 | O3: 5 | P3: 3.31 | Q3: 4.29 | R3: 0.97 | S3: 1.42
A4: 20 | C4: 2.4 | D4: 2.59 | E4: 2.53 | I4: 4 | J4: 1.13 | O4: 10 | P4: 3.61 | Q4: 6.11 | R4: 1.33 | S4: 2.77
A5: 25 | C5: 2.45 | D5: 2.64 | E5: 2.59 | I5: 5 | J5: 1.23 | O5: 15 | P5: 4.86 | Q5: 8.54 | R5: 4.46 | S5: 4.46
A6: 30 | C6: 2.5 | D6: 2.69 | E6: 2.67 | I6: 6 | J6: 1.34 | O6: 20 | P6: 5.75 | Q6: 11.26 | R6: 4.48 | S6: 4.48
A7: 35 | C7: 2.55 | D7: 2.74 | E7: 2.76 | I7: 7 | J7: 1.42 | O7: 25 | P7: 7.53 | Q7: 14.23 | R7: 4.71 | S7: 4.71
A8: 40 | C8: 2.6 | D8: 2.78 | E8: 2.82 | I8: 8 | J8: 1.5
A9: 45 | C9: 2.62 | D9: 2.82 | E9: 2.9 | I9: 9 | J9: 1.56
A10: 50 | C10: 2.65 | D10: 2.85 | E10: 2.98 | I10: 10 | J10: 1.61
A11: 55 | C11: 2.67 | D11: 2.88 | E11: 3.07 | I11: 15 | J11: 1.78
A12: 60 | C12: 2.7 | D12: 2.91 | E12: 3.15 | I12: 20 | J12: 1.87
A13: 65 | C13: 2.72 | D13: 2.92 | E13: 3.17 | I13: 30 | J13: 1.98
A14: 70 | C14: 2.73 | D14: 2.93 | E14: 3.19 | I14: 40 | J14: 2.06
A15: 75 | C15: 2.74 | D15: 2.95 | E15: 3.22 | I15: 50 | J15: 2.14
A16: 80 | C16: 2.75 | D16: 2.96 | E16: 3.24 | I16: 60 | J16: 2.21
A17: 85 | C17: 2.77 | D17: 2.97 | E17: 3.24 | I17: 90 | J17: 2.4
A18: 90 | C18: 2.78 | D18: 2.99 | E18: 3.23
A19: 95 | C19: 2.79 | D19: 3.01 | E19: 3.23
A20: 100 | B20: 2.92 | C20: 2.8 | D20: 3.02 | E20: 3.23 | F20: 3.8
A21: 105 | B21: 2.93 | C21: 2.81 | D21: 3.03 | E21: 3.23 | F21: 3.8
A22: 110 | B22: 2.95 | C22: 2.83 | D22: 3.04 | E22: 3.22 | F22: 3.8
A23: 115 | B23: 2.97 | C23: 2.84 | D23: 3.06 | E23: 3.21 | F23: 3.8
A24: 120 | B24: 2.99 | C24: 2.85 | D24: 3.08 | E24: 3.21 | F24: 3.78
A25: 125 | B25: 2.99 | C25: 2.86 | D25: 3.09 | E25: 3.21 | F25: 3.78
A26: 130 | B26: 2.97 | C26: 2.88 | D26: 3.11 | E26: 3.21 | F26: 3.78
A27: 135 | B27: 2.97 | C27: 2.9 | D27: 3.13 | E27: 3.22 | F27: 3.78
A28: 140 | B28: 2.97 | C28: 2.91 | D28: 3.15 | E28: 3.22 | F28: 3.8
A29: 145 | B29: 2.97 | C29: 2.93 | D29: 3.17 | E29: 3.23 | F29: 3.8
A30: 150 | B30: 2.99 | C30: 2.95 | D30: 3.19 | E30: 3.25 | F30: 3.8
A31: 155 | B31: 2.99 | C31: 2.97 | D31: 3.21 | E31: 3.26 | F31: 3.8
... A65: 600 | B65: 4.82 | C65: 5.13 | D65: 5.13 | E65: 5.52 | F65: 5.58

Sheet metric
A1: =source!A1 -> DISTANCE | B1: =source!B1 -> TEE | C1: =source!C1 -> FAIRWAY | D1: =source!D1 -> ROUGH | E1: =source!E1 -> SAND | F1: =source!F1 -> RECOVERY | I1: =source!I1 -> DISTANCE | J1: =source!J1 -> GREEN | L1: AVG APPROACH | M1: AVG SHORT GAME | P1: =source!P1 -> TEE | Q1: =source!Q1 -> APPROACH | R1: =source!R1 -> SHORT | S1: =source!S1 -> PUTT | V1: feet per meter | W1: yeards per meter
A2: =source!A2/metric!$W$2 -> 9.144 | B2: 2.74 | C2: =source!C2 -> 2.2 | D2: =source!D2 -> 2.49 | E2: =source!E2 -> 2.41 | F2: 3.5 | I2: =source!I2/metric!$V$2 -> 0.3048 | J2: =source!J2 -> 1 | M2: =SUM(C2:E2)/3 -> 2.3666667 | O2: =source!O2 -> scratch | P2: =source!P2 -> 1.78 | Q2: =source!Q2 -> 2.03 | R2: =source!R2 -> 0.39 | S2: =source!S2 -> 0.94 | V2: 3.2808399 | W2: 1.0936133
A3: =source!A3/metric!$W$2 -> 13.716 | B3: 2.75 | C3: =source!C3 -> 2.3 | D3: =source!D3 -> 2.54 | E3: =source!E3 -> 2.47 | F3: 3.5 | I3: =source!I3/metric!$V$2 -> 0.9144 | J3: =source!J3 -> 1.04 | M3: =SUM(C3:E3)/3 -> 2.4366667 | O3: =source!O3 -> 5 | P3: =source!P3 -> 3.31 | Q3: =source!Q3 -> 4.29 | R3: =source!R3 -> 0.97 | S3: =source!S3 -> 1.42
A4: =source!A4/metric!$W$2 -> 18.288 | B4: 2.76 | C4: =source!C4 -> 2.4 | D4: =source!D4 -> 2.59 | E4: =source!E4 -> 2.53 | F4: 3.5 | I4: =source!I4/metric!$V$2 -> 1.2192 | J4: =source!J4 -> 1.13 | M4: =SUM(C4:E4)/3 -> 2.5066667 | O4: =source!O4 -> 10 | P4: =source!P4 -> 3.61 | Q4: =source!Q4 -> 6.11 | R4: =source!R4 -> 1.33 | S4: =source!S4 -> 2.77
A5: =source!A5/metric!$W$2 -> 22.86 | B5: 2.77 | C5: =source!C5 -> 2.45 | D5: =source!D5 -> 2.64 | E5: =source!E5 -> 2.59 | F5: 3.55 | I5: =source!I5/metric!$V$2 -> 1.524 | J5: =source!J5 -> 1.23 | M5: =SUM(C5:E5)/3 -> 2.56 | O5: =source!O5 -> 15 | P5: =source!P5 -> 4.86 | Q5: =source!Q5 -> 8.54 | R5: =source!R5 -> 4.46 | S5: =source!S5 -> 4.46
A6: =source!A6/metric!$W$2 -> 27.432 | B6: 2.78 | C6: =source!C6 -> 2.5 | D6: =source!D6 -> 2.69 | E6: =source!E6 -> 2.67 | F6: 3.55 | I6: =source!I6/metric!$V$2 -> 1.8288 | J6: =source!J6 -> 1.34 | M6: =SUM(C6:E6)/3 -> 2.62 | O6: =source!O6 -> 20 | P6: =source!P6 -> 5.75 | Q6: =source!Q6 -> 11.26 | R6: =source!R6 -> 4.48 | S6: =source!S6 -> 4.48
A7: =source!A7/metric!$W$2 -> 32.004 | B7: 2.79 | C7: =source!C7 -> 2.55 | D7: =source!D7 -> 2.74 | E7: =source!E7 -> 2.76 | F7: 3.55 | I7: =source!I7/metric!$V$2 -> 2.1336 | J7: =source!J7 -> 1.42 | M7: =SUM(C7:E7)/3 -> 2.6833333 | O7: =source!O7 -> 25 | P7: =source!P7 -> 7.53 | Q7: =source!Q7 -> 14.23 | R7: =source!R7 -> 4.71 | S7: =source!S7 -> 4.71
A8: =source!A8/metric!$W$2 -> 36.576 | B8: 2.8 | C8: =source!C8 -> 2.6 | D8: =source!D8 -> 2.78 | E8: =source!E8 -> 2.82 | F8: 3.6 | I8: =source!I8/metric!$V$2 -> 2.4384 | J8: =source!J8 -> 1.5 | M8: =SUM(C8:E8)/3 -> 2.7333333
A9: =source!A9/metric!$W$2 -> 41.148 | B9: 2.81 | C9: =source!C9 -> 2.62 | D9: =source!D9 -> 2.82 | E9: =source!E9 -> 2.9 | F9: 3.6 | I9: =source!I9/metric!$V$2 -> 2.7432 | J9: =source!J9 -> 1.56 | M9: =SUM(C9:E9)/3 -> 2.78 | V9: manually created
A10: =source!A10/metric!$W$2 -> 45.72 | B10: 2.82 | C10: =source!C10 -> 2.65 | D10: =source!D10 -> 2.85 | E10: =source!E10 -> 2.98 | F10: 3.6 | I10: =source!I10/metric!$V$2 -> 3.048 | J10: =source!J10 -> 1.61 | M10: =SUM(C10:E10)/3 -> 2.8266667
A11: =source!A11/metric!$W$2 -> 50.292 | B11: 2.83 | C11: =source!C11 -> 2.67 | D11: =source!D11 -> 2.88 | E11: =source!E11 -> 3.07 | F11: 3.65 | I11: =source!I11/metric!$V$2 -> 4.572 | J11: =source!J11 -> 1.78 | M11: =SUM(C11:E11)/3 -> 2.8733333
A12: =source!A12/metric!$W$2 -> 54.864 | B12: 2.84 | C12: =source!C12 -> 2.7 | D12: =source!D12 -> 2.91 | E12: =source!E12 -> 3.15 | F12: 3.65 | I12: =source!I12/metric!$V$2 -> 6.096 | J12: =source!J12 -> 1.87 | M12: =SUM(C12:E12)/3 -> 2.92
A13: =source!A13/metric!$W$2 -> 59.436 | B13: 2.85 | C13: =source!C13 -> 2.72 | D13: =source!D13 -> 2.92 | E13: =source!E13 -> 3.17 | F13: 3.65 | I13: =source!I13/metric!$V$2 -> 9.144 | J13: =source!J13 -> 1.98 | M13: =SUM(C13:E13)/3 -> 2.9366667
A14: =source!A14/metric!$W$2 -> 64.008 | B14: 2.86 | C14: =source!C14 -> 2.73 | D14: =source!D14 -> 2.93 | E14: =source!E14 -> 3.19 | F14: 3.7 | I14: =source!I14/metric!$V$2 -> 12.192 | J14: =source!J14 -> 2.06 | M14: =SUM(C14:E14)/3 -> 2.95
A15: =source!A15/metric!$W$2 -> 68.58 | B15: 2.87 | C15: =source!C15 -> 2.74 | D15: =source!D15 -> 2.95 | E15: =source!E15 -> 3.22 | F15: 3.7 | I15: =source!I15/metric!$V$2 -> 15.24 | J15: =source!J15 -> 2.14 | M15: =SUM(C15:E15)/3 -> 2.97
A16: =source!A16/metric!$W$2 -> 73.152 | B16: 2.88 | C16: =source!C16 -> 2.75 | D16: =source!D16 -> 2.96 | E16: =source!E16 -> 3.24 | F16: 3.7 | I16: =source!I16/metric!$V$2 -> 18.288 | J16: =source!J16 -> 2.21 | M16: =SUM(C16:E16)/3 -> 2.9833333
A17: =source!A17/metric!$W$2 -> 77.724 | B17: 2.89 | C17: =source!C17 -> 2.77 | D17: =source!D17 -> 2.97 | E17: =source!E17 -> 3.24 | F17: 3.75 | I17: =source!I17/metric!$V$2 -> 27.432 | J17: =source!J17 -> 2.4 | M17: =SUM(C17:E17)/3 -> 2.9933333
A18: =source!A18/metric!$W$2 -> 82.296 | B18: 2.9 | C18: =source!C18 -> 2.78 | D18: =source!D18 -> 2.99 | E18: =source!E18 -> 3.23 | F18: 3.75 | M18: =SUM(C18:E18)/3 -> 3
A19: =source!A19/metric!$W$2 -> 86.868 | B19: 2.91 | C19: =source!C19 -> 2.79 | D19: =source!D19 -> 3.01 | E19: =source!E19 -> 3.23 | F19: 3.75 | M19: =SUM(C19:E19)/3 -> 3.01
A20: =source!A20/metric!$W$2 -> 91.44 | B20: =source!B20 -> 2.92 | C20: =source!C20 -> 2.8 | D20: =source!D20 -> 3.02 | E20: =source!E20 -> 3.23 | F20: =source!F20 -> 3.8 | L20: =SUM(C20:E20)/3 -> 3.0166667
A21: =source!A21/metric!$W$2 -> 96.012 | B21: =source!B21 -> 2.93 | C21: =source!C21 -> 2.81 | D21: =source!D21 -> 3.03 | E21: =source!E21 -> 3.23 | F21: =source!F21 -> 3.8 | L21: =SUM(C21:E21)/3 -> 3.0233333
A22: =source!A22/metric!$W$2 -> 100.584 | B22: =source!B22 -> 2.95 | C22: =source!C22 -> 2.83 | D22: =source!D22 -> 3.04 | E22: =source!E22 -> 3.22 | F22: =source!F22 -> 3.8 | L22: =SUM(C22:E22)/3 -> 3.03
A23: =source!A23/metric!$W$2 -> 105.156 | B23: =source!B23 -> 2.97 | C23: =source!C23 -> 2.84 | D23: =source!D23 -> 3.06 | E23: =source!E23 -> 3.21 | F23: =source!F23 -> 3.8 | L23: =SUM(C23:E23)/3 -> 3.0366667
A24: =source!A24/metric!$W$2 -> 109.728 | B24: =source!B24 -> 2.99 | C24: =source!C24 -> 2.85 | D24: =source!D24 -> 3.08 | E24: =source!E24 -> 3.21 | F24: =source!F24 -> 3.78 | L24: =SUM(C24:E24)/3 -> 3.0466667
A25: =source!A25/metric!$W$2 -> 114.3 | B25: =source!B25 -> 2.99 | C25: =source!C25 -> 2.86 | D25: =source!D25 -> 3.09 | E25: =source!E25 -> 3.21 | F25: =source!F25 -> 3.78 | L25: =SUM(C25:E25)/3 -> 3.0533333
A26: =source!A26/metric!$W$2 -> 118.872 | B26: =source!B26 -> 2.97 | C26: =source!C26 -> 2.88 | D26: =source!D26 -> 3.11 | E26: =source!E26 -> 3.21 | F26: =source!F26 -> 3.78 | L26: =SUM(C26:E26)/3 -> 3.0666667
A27: =source!A27/metric!$W$2 -> 123.444 | B27: =source!B27 -> 2.97 | C27: =source!C27 -> 2.9 | D27: =source!D27 -> 3.13 | E27: =source!E27 -> 3.22 | F27: =source!F27 -> 3.78 | L27: =SUM(C27:E27)/3 -> 3.0833333
A28: =source!A28/metric!$W$2 -> 128.016 | B28: =source!B28 -> 2.97 | C28: =source!C28 -> 2.91 | D28: =source!D28 -> 3.15 | E28: =source!E28 -> 3.22 | F28: =source!F28 -> 3.8 | L28: =SUM(C28:E28)/3 -> 3.0933333
A29: =source!A29/metric!$W$2 -> 132.588 | B29: =source!B29 -> 2.97 | C29: =source!C29 -> 2.93 | D29: =source!D29 -> 3.17 | E29: =source!E29 -> 3.23 | F29: =source!F29 -> 3.8 | L29: =SUM(C29:E29)/3 -> 3.11
A30: =source!A30/metric!$W$2 -> 137.16 | B30: =source!B30 -> 2.99 | C30: =source!C30 -> 2.95 | D30: =source!D30 -> 3.19 | E30: =source!E30 -> 3.25 | F30: =source!F30 -> 3.8 | L30: =SUM(C30:E30)/3 -> 3.13
A31: =source!A31/metric!$W$2 -> 141.732 | B31: =source!B31 -> 2.99 | C31: =source!C31 -> 2.97 | D31: =source!D31 -> 3.21 | E31: =source!E31 -> 3.26 | F31: =source!F31 -> 3.8 | L31: =SUM(C31:E31)/3 -> 3.1466667
... A65: =source!A65/metric!$W$2 -> 548.64 | B65: =source!B65 -> 4.82 | C65: =source!C65 -> 5.13 | D65: =source!D65 -> 5.13 | E65: =source!E65 -> 5.52 | F65: =source!F65 -> 5.58 | L65: =SUM(C65:E65)/3 -> 5.26

Sheet SG_baseline
A1: {=metric!A1:F1} -> DISTANCE | B1: TEE | C1: FAIRWAY | D1: ROUGH | E1: SAND | F1: RECOVERY
A2: {=metric!A2:F2} -> 9.144 | B2: 2.74 | C2: 2.2 | D2: 2.49 | E2: 2.41 | F2: 3.5
A3: {=metric!A3:F3} -> 13.716 | B3: 2.75 | C3: 2.3 | D3: 2.54 | E3: 2.47 | F3: 3.5
A4: {=metric!A4:F4} -> 18.288 | B4: 2.76 | C4: 2.4 | D4: 2.59 | E4: 2.53 | F4: 3.5
A5: {=metric!A5:F5} -> 22.86 | B5: 2.77 | C5: 2.45 | D5: 2.64 | E5: 2.59 | F5: 3.55
A6: {=metric!A6:F6} -> 27.432 | B6: 2.78 | C6: 2.5 | D6: 2.69 | E6: 2.67 | F6: 3.55
A7: {=metric!A7:F7} -> 32.004 | B7: 2.79 | C7: 2.55 | D7: 2.74 | E7: 2.76 | F7: 3.55
A8: {=metric!A8:F8} -> 36.576 | B8: 2.8 | C8: 2.6 | D8: 2.78 | E8: 2.82 | F8: 3.6
A9: {=metric!A9:F9} -> 41.148 | B9: 2.81 | C9: 2.62 | D9: 2.82 | E9: 2.9 | F9: 3.6
A10: {=metric!A10:F10} -> 45.72 | B10: 2.82 | C10: 2.65 | D10: 2.85 | E10: 2.98 | F10: 3.6
A11: {=metric!A11:F11} -> 50.292 | B11: 2.83 | C11: 2.67 | D11: 2.88 | E11: 3.07 | F11: 3.65
A12: {=metric!A12:F12} -> 54.864 | B12: 2.84 | C12: 2.7 | D12: 2.91 | E12: 3.15 | F12: 3.65
A13: {=metric!A13:F13} -> 59.436 | B13: 2.85 | C13: 2.72 | D13: 2.92 | E13: 3.17 | F13: 3.65
... A65: {=metric!A65:F65} -> 548.64 | B65: 4.82 | C65: 5.13 | D65: 5.13 | E65: 5.52 | F65: 5.58
A67: {=metric!I1:J1} -> DISTANCE | B67: GREEN
A68: {=metric!I2:J2} -> 0.3048 | B68: 1
A69: {=metric!I3:J3} -> 0.9144 | B69: 1.04
A70: {=metric!I4:J4} -> 1.2192 | B70: 1.13
A71: {=metric!I5:J5} -> 1.524 | B71: 1.23
A72: {=metric!I6:J6} -> 1.8288 | B72: 1.34
A73: {=metric!I7:J7} -> 2.1336 | B73: 1.42
A74: {=metric!I8:J8} -> 2.4384 | B74: 1.5
A75: {=metric!I9:J9} -> 2.7432 | B75: 1.56
A76: {=metric!I10:J10} -> 3.048 | B76: 1.61
A77: {=metric!I11:J11} -> 4.572 | B77: 1.78
A78: {=metric!I12:J12} -> 6.096 | B78: 1.87
A79: {=metric!I13:J13} -> 9.144 | B79: 1.98
... A83: {=metric!I17:J17} -> 27.432 | B83: 2.4
